,xcenter,ycenter,width,height,confidence,class,name,frame
0,1820.46875,953.0037841796875,199.0626220703125,246.82781982421875,0.2546318471431732,6,train,3
